question,answer_0,answer_1,reference_answer
"Voiced by Harry Shearer, what Simpsons character was modeled after Ted Koppel?","Ted Koppel was a respected television news anchor, particularly known for his work on the ABC TV news program ""Nightline with Ted Koppel."" The character of Mr. Burns on The Simpsons was a satire of Koppel's persona and his show. The character was named after him but did not directly resemble him.","Harry Shearer voices several characters on the long-running animated television series The Simpsons. One of these characters, Ned Flanders, was modeled after Ted Koppel, the famous television journalist.

Ned Flanders is a devout Christian and the best friend of the show's protagonist, Homer Simpson. He",The Simpsons character that was possibly based on Ted Koppel is Kent Brockman.  He is a local news anchor in Springfield and is modeled after Ted Koppel.
Alliumphobia is the irrational fear of which plant?,"Answer: Alliumphobia is an irrational fear of the onion family (Alliums).

Alliums are a group of plants that produce onions, le. Alliumphobia is an irrational fear of these vegetables.

Onions are a widely used and beneficial vegetable, and there are no known cases of people developing an irrational fear of them.",Alliumphobia is the irrational fear of onions. Onions are a common ingredient in many dishes and are known for their strong smell and taste. People with alliumphobia may experience anxiety or panic when they are around onions or even think about them. This fear can be so severe that it may interfere with their ability to enjoy meals or socialize with others.,Alliumphobia is the irrational fear of garlic.
Heterophobia is the irrational fear of what,"is not one's own sexual orientation.

Heterophobia can lead to avoidance or even hostility towards people of different sexual orientations.

Heterophobia can also lead to self-isolation from others of the opposite sex due to fear of rejection or negative consequences.

Heterophobia can be a sub-category of homophobia, which is the fear","is different or unfamiliar. It is a form of prejudice and discrimination.

Heterophobia is a term that has been used to describe the fear or dislike of heterosexuality. This term is often used by those who believe that heterosexuality is an outdated or oppressive concept.

The term “heterophobia” is not widely recognized or used, and it is not","Heterophobia is the irrational fear of the opposite sex, coined as Sexophobia . This phobia can be caused by genetics, heredity, negative experiences with the opposite sex, or a combination of these .  Symptoms may result from encountering people of the opposite sex, including breathlessness, dizziness, excessive sweating, nausea, dry mouth, feeling sick, shaking, coronary heart palpitations, and anxiety ."
"What was the name of Dan Dare's co-pilot, in the comic strip adventures in the Eagle comic?","In the Eagle comic strip adventures, Dan Dare had two co-pilots. both named Francis X. Albert ""Frank” Ro-Ro-Ro-Ro-Ro-Ro-Tin-Tin. The first Ro-Ro-Ro-Tin-Tin was a robot co-pilot, and","Answer: Digby

Dan Dare was a British comic strip character created by the artist Frank Hampson. The character first appeared in the children's comic Eagle in 1950. Dan Dare was a pilot of the future, who travelled the universe in his spaceship, the Anastasia. His co",Frank Hampson .
"In 1965, which Christmas song became the first song to be broadcast from space?","Answer:

On December 21, 1965, and again on December 27, 1968, and December 25, 1969, and again in 1965, the first song to be transmitted from space to Earth was ""Jingle Bells.""

In 196","Answer: Jingle Bells

The first song to be broadcast from space was ""Jingle Bells."" This was done by astronaut James McDivitt on December 16, 1965. McDivitt was aboard the Gemini 7 spacecraft, and he sang the song into a microphone, which was then transmitted back to","On December 16, 1965, ""Jingle Bells"" became the first song to be broadcast from space during NASA's Gemini 6A space flight."
Which European city has the highest mileage of canals in the world?,"Answer: Canal length in European cities and regions

In Europe, canals are found in various cities and regions. Some of them have a single canal, while others have multiple canals. The total length of canals in European cities and regions is not a single value, but a sum of the individual lengths of each canal in a city or region.

Answer: Canal length in European","The city with the highest mileage of canals in the world is Venice, Italy. Venice is a city in northeastern Italy and is built on a group of 118 small islands separated by canals and connected by over 400 bridges. The city is famous for its beautiful canals, gondolas, and unique architecture.

Venice is often","According to the culturetrip.com, Birmingham beat out Venice in terms of miles of canals."
"""""""There was no possibility of taking a walk that day"""" is the first line of which classic novel?""","A: First line of ""Tottenham Torniement Tapes: A Pena Dopping Diary Extracts,"" a.k.a. ""Five Days,"" a.k.a. ""No Days of Our Lives,"" a.ka. ""No Walking on That Day,"" a.k.a. ""No Poss","""""

import re

def find_novel(text):
    novel_name = re.search(r'(""There was no possibility of taking a walk that day"" is the first line of) (.*)', text).group(2)
    return novel_name

text = ""The novel 'Pride and Prejudice' by Jane","Jane Eyre opens with an ominous November day described as ""cold winter wind [having] brought with it clouds so sombre, and a rain so penetrating, that further out-door exercise was now out of the question.""  Later in the novel, Jane is locked in the red room, as a child, at Gateshead . She is lonely at Thornfield Hall, before Rochester's arrival . She is then confined to the house she detests. In the breakfast room, Jane observes that to the left were the clear panes of glass, protecting but not separating her from the drear November day. Later in the day, she is confined to the Red Room, after refusing to be bullied and beaten by her cousin John Reed ."
The Met Office became part of which government department in July 2011?,"Answer: The Met Office was a part of the Department of the Environment, Food, and Rural Affairs (DEFRA) until July 2011.

Answer: The department was responsible for the UK's environmental policies, food safety standards, and rural support measures.

Answer: The Met Office was then transferred to the Department for Business, Innovation,","# 

The Met Office, the United Kingdom's national weather service, was established in 1854. It is responsible for providing weather forecasts and severe weather warnings for the UK and its overseas territories.

In July 2011, the Met Office became part of which","The Met Office became a part of the Department for Business, Energy and Industrial Strategy in July 2011 ."
Name the song and the artist of this 2001 Grammy award winning track: You’re on the road / But you’ve got no destination / You’re in the mud / In the maze of her imagination,"Title: ""Walk on Water""
Artist: Sting
Album: Sacred Love

Sting's 2001 Grammy Award-winning track, ""Walk on Water,"" is a haunting and ev",/ You’re in the sun / But you’re not toasting / You’re in the rain / But you’re not drowning / You’re in the wind / But you’re not blowing / You’re in the night,"""You're on the road, but you've got no destination; you're in the mud, in the maze of her imagination,"" is part of the song ""Beautiful Day,"" by U2."
"The rivers Kennet, Lea, Brent and Pang are all tributaries of which English river?","A. The River Thames at its confluence at Sonning on the Kennet, at Abington on the Lea, at Cranford on the Brent, and at Ware on the Pang.

B. The River Stort at Buntingford, which joins the Lea at Ware.

C. The River","# The River Thames

The River Thames is the longest river in England, with a length of 215 miles (346 km). It rises in the Cotswolds and flows through Oxford, Reading, Windsor and London before emptying into the North Sea.

The River Thames is an important waterway, not only","The River Thames drains into the Atlantic Ocean via the English Channel, and it has five primary tributaries: the River Kennet, the River Lea, the River Brent, the River Pang, and the River Colne . The River Brent and adjacent tributaries the Colne Brook and those downstream such as the River Lea either flowed into this more northern Thames or formed the early course of the present day Thames . The River Brent joins the Thames near Brentford, and the River Pang joins the Thames near Penshurst ."
In which Asian country is the resort of Pattaya?,"Answer: Pattaya is a coastal resort on the eastern coast of the Gulf of Thailand, about 105 km southeast of Bangkok.

Answer: Pattaya was a coastal trading town during the Ayutthaya Kingdom in the 14th century, and later part of the Kingdom of Ayutthaya and the Kingdom of Siam.

Answer: P","Pattaya is a resort city in Thailand, located on the east coast of the Gulf of Thailand, about 100 kilometers southeast of Bangkok, the country's capital.

What is the capital of Thailand?

The capital of Thailand is Bangkok.

What is the currency of Thailand?

The currency of Thailand is the Thai Baht.",Pattaya is in Thailand.
What lifted the capsule that Felix Baumgartner rode some 24 miles into the stratosphere before his historic jump this week?,"Felix Baumgartner made history on October 23 and again this week when he stepped out of a specially designed capsule and fell through the air at more than 250 mph (214 knots, 95) at an altitude of about 24 miles (39 kilom","The answer is a high-powered helium balloon.

The balloon, which was filled with 30 million cubic feet of helium, lifted the capsule and Baumgartner to an altitude of 128,100 feet, or about 24 miles, above the","Baumgartner's custom-built capsule was lifted to the very edges of space in the earth's stratosphere by an attached helium balloon.  It took the balloon 90 minutes to get to 90,000 feet, where Baumgartner jumped from."
"Which fashion designer, born 1940 in Chatham, Kent, is well known for her pink hair?","Answer: Vivienne Westwood, born Dame Vivienne Frances Feinleiwer, on April 15, 1941, and later known as Vivienne Westwood, is a world-renowned fashion designer known for her distinctive and influential designs.

Answer: Vivienne Westwood was born in the coastal town","# Fashion Designer Vivienne Westwood

Vivienne Westwood, born in 1940 in Chatham, Kent, is a renowned fashion designer. She is well known for her pink hair. Westwood is a key figure in the development of punk fashion and the movement that came to be known as ""New Wave","Born in Chatham, Kent, U.K., fashion designer Zandra Rhodes is well known for her pink hair."
VVhich Pulitzer prize winning author and journalist was present at both the Normandy landings and the liberation of Paris?,"Title: The Great Crusade: The Epic Story of the Liberation of Paris, 1944

Introduction

The liberation of Paris on August 25, 1944, is a significant and cherished moment in the annals of the Second World War. The City of Lights had been","Answer: Ernest Hemingway

Ernest Hemingway was a Pulitzer prize winning author and journalist who was present at both the Normandy landings and the liberation of Paris. He was an American novelist, short-story writer, and journalist who was awarded the Nobel Prize for Literature in 195","Rick Atkinson, who is best known for his Pulitzer Prize-winning book An Army at Dawn, is the author of the Liberation Trilogy, which covers the landings at Normandy and the liberation of Paris."
Which state of America is nicknamed 'The Beehive State'?,"Answer: Utah's nickname is ""The Beehive State."" The Beehive State House, located in Salt Lake City, is a symbol of the state. The beehive shape represents the state's official seal, which features a beehive on top of a mountain with the state motto, ""Industry Creates Prosperity.""

Answer: Utah","The state of Utah is nicknamed 'The Beehive State'. The nickname was given to Utah in 1849 by Brigham Young, the second president of the Church of Jesus Christ of Latter-Day Saints. The beehive symbolizes industry, cooperation, and unity. The state's official seal also features a beehive.

Utah is located","The state of Utah is known as the ""Beehive State""."
What does the musical term forte mean,"Forte is a musical term that refers to a volume or intensity level of music. Forte is the second-loudest or second-strongest level on a scale of musical volumes or intensities. Forte is often used for a passage or a section of music that is louder or more intense than the surrounding passages or sections.

Forte is also used to describe a musical instrument or voice that produces sound at a","?

Forte is a musical term that refers to a dynamic level of playing or singing. In Italian, forte means ""loud."" When a piece of music indicates ""forte,"" the performer is instructed to play or sing at a loud volume. This term is often used in conjunction with other dynamic markings to create a crescendo or diminuendo effect.

What is the musical term forte?",A forte in music is a dynamic directive that means to perform the indicated passage of music loudly .
James Stewart played the character Elwood P. Dowd in which classic 1950 film ?,"A. The Apartment
B. Harvey
C. The Dead Past
D. The Magic Time
E. The Old Fool
F. The Pied Piper of the Lost Souls
G. The Snapper
H. The Troubled Mind
I. The Unsuspecting Suburban
J. The Unsuspect","# The Bellboy

James Stewart played the character Elwood P. Dowd in which classic 1950 film?

Answer: Harvey

The film ""Harvey"" was released in 1950 and was directed by Henry Koster. In the film, James Stewart plays the character Elwood P. Dowd, a man",James Stewart played Elwood P. Dowd in the film Harvey .
How many countries now form the European Union?,"How many countries now form the European Union, which was first established by the Maastricht Treaty in 1993 and later amended by the Treaty of Lisbon in 2009, is a constantly changing question. The EU consists of 28 member states. and the Treaties of Maastricht and Lisbon set out the conditions under which a country can join the Union.

In practice, however","The European Union (EU) is a political and economic union of 27 member states that are primarily located in Europe. The EU operates through a system of supranational institutions and intergovernmental negotiations.

The EU was created by the Maastricht Treaty, which came into force on November 7, 1993. The latest country to join the EU was Croatia, which became","The European Union was founded on the premise of economic cooperation between several countries. In 1951, only Belgium, Germany, France, Italy, Luxembourg, and the Netherlands participated . Over time, more countries decided to join . The United Kingdom withdrew from the European Union on January 31, 2020 . The EU currently consists of 27 member countries ."
What type of creature is a canvasback?,"The canvasback is a bird species that was once a significant part of the Pacific Northwest coastal bird community. The name refers to a bird that nests on tidal flats and eats eelgrass. The name ""canvasback"" refers to a bird with a yellowish-brown back, which does not match the white and brown feathers of a bird that lives on tidal flats. The canvasback is","A canvasback is a type of waterfowl, specifically a species of duck. The scientific name for the canvasback is Aythya valisineria. This bird is native to North America and is known for its distinctive black and white plumage.

What does a canvasback look like?

The canvasback is a medium-sized duck with a long, slender body. The male, or d","The canvasback is a species of diving duck, the largest in North America . Distinguished by their large body and sloping profile, they have a white body and a black chest and head . The drake, or male, has a rusty-brown head . Canvasback ducks were once on the verge of extinction due to hunting and development of their habitats, but have made a comeback along with many other waterfowl species ."
"The USA entered World War I because Germany attempted to enlist Mexico as an ally, and for what other reason?","Answer: Ensuring the Central Powers would have a reliable source of raw materials and resources, particularly the vital resource of Mexican oil fields.

Ensuring Mexico would join the Central Powers was crucial for the German Empire because the country was a significant source of oil production. The German High Command believed that if Mexico joined the Central Powers,","The USA entered World War I because Germany attempted to enlist Mexico as an ally, and for what","The United States entered World War I because of Germany's use of submarine warfare against ships in the Atlantic Ocean,, which was hurting American exports to Europe.   Additionally, Germany tried to enlist Mexico as an ally against the United States, an event which convinced American businessmen and industrialists that the United States should enter the war."
How many volunteer hours were estimated to have supported the 2012 Summer Olympics?,"Estimates vary, but the number of volunteer hours needed to support the 2012 Summer Olympics in London, as reported by various sources, ranged from around 70,000 to more than 100,000 people volunteered their time to help out during the Games.

Estimates of volunteer hours vary as well, with some","The 2012 Summer Olympics in London were a massive undertaking, requiring the efforts of thousands of volunteers to ensure the smooth running of the event. The estimated number of volunteer hours for the 2012 Summer Olympics is around 10 million. These volunteers, known as Games Makers, played a crucial role in the success of the event, assisting with various tasks","An estimated 240,000 volunteers have supported the 2012 Summer Olympics . These volunteers contributed eight million hours of voluntary work, and are the ""unsung heroes and heroines"" who made the Games possible ."
"In needlework, what is the technique in which pieces of fabric are attached to another piece of material for decoration?","In this technique, you create

1. Choose your fabric and its backing material

Fabrics suitable for this technique include:

- A variety of fabrics with a right side and a wrong side, such as linen, cotton, and cotton/linen blend
- Fabrics with a woven texture, like canvas and Aida","# Appliqué

Appliqué is a needlework technique in which pieces of fabric are attached to another piece of material for decoration. This is often done by sewing the edges of the smaller pieces to the larger piece, creating a design or pattern. Appliqué can be used on a variety of materials, such as clothing,","For example, appliqué is a type of ornamental needlework in which pieces of fabric in different shapes and patterns are sewn or stuck onto a larger piece to form a picture or pattern.  The technique is accomplished either by hand stitching or machine.  Other examples of needlework include couching, in which a thread laid upon the surface of the material is caught down at intervals by stitches taken with another thread through the material, and embroidery."
Which river was immortalised by Rudyard Kipling as 'The Road to Mandalay'?,"Rudyard Kipling is a celebrated and prolific writer known for his vivid descriptions of India and its people. In his 1893 poem ""The Road to Mandalay,"" he imagines a journey along the Irrawaddy River in Burma (now Myanmar). The poem is a lyrical and evocative exploration of the experience","# Rivers of the World 2

Rivers are a vital part of the world's ecosystems, providing water for drinking, agriculture and industry. They also play a significant role in the history and culture of many countries. This is the second of two quizzes on rivers of the world.

1.
Which river was immortalised by","The River Ayeyarwady River is known as ""The Road to Mandalay."""
What Italian region has its capital in Florence?,"Answer: The city of Florence is the capital and largest city of the Italian region Toskana (Tuscany).

Answer: The city is a world-renowned center of architecture, art, history, and fashion.

Answer: The city is a major tourist attraction, with more than one million visitors per year.

Answer: The city is a treasure trove of masterpieces","The Italian region with its capital in Florence is Tuscany.

Tuscany is a region in central Italy with an area of about 22,990 square kilometers (8,870 square miles) and a population of around 3.8 million inhabitants. Its capital, Florence, is a major city in Italy and a top tourist destination.

The region is known for its landscapes,","The capital of the Italian region of Tuscany is Florence, which is also a province and a municipality within the region."
"Valentino Rossi, Jorge Lorenzo, Dani Pedrosa & Andrea Dovizioso compete in what sport?","Answer: Competitive motorcycle racing is a professional sport that sees riders like Valentino Rossi, Jorge Lorenzo, Dani Pedrosa, and Andrea Dovizioso competing against each other on specially designed and high-performance motorcycles. The riders race on closed circuits and on public roads in various events like the","Answer: Motorcycle Racing

Valentino Rossi, Jorge Lorenzo, Dani Pedrosa, and Andrea Dovizioso are all professional motorcycle racers. They compete in the sport of motorcycle racing, specifically in the MotoGP World Championship. MotoGP is the highest class of motorcycle road racing, and these","Valentino Rossi, Jorge Lorenzo, Dani Pedrosa, Andrea Dovizioso and Marc Marquez are professional motorcycle racers ."
Hunters call it 'The Glorious Twelfth'. What is it?,"The Glorious Twelfth is a traditional opening day for the hunting season in the United Kingdom. It falls on the 12th day after the end of August, which means it usually falls around the 12th day of September or the first day of October. The term ""Glorious Twelfth"" refers to the opening day of the hunting season, which is a significant event","It's the first day of the grouse shooting season in the UK.

The grouse shooting season traditionally starts on the 12th of August and runs until the end of December.

The Glorious Twelfth is a big day in the British countryside calendar. It's a day when the shooting community comes together to celebrate the start of the grouse shooting","The Glorious Twelfth is the twelfth day of August, the start of the shooting season for red grouse (Lagopus lagopus scotica) in Great Britain and Northern Ireland . This is one of the busiest days in the shooting season, with large numbers of game being shot . Land management techniques are carried out to maintain the moors so that they remain the perfect breeding ground for red grouse . Gamekeepers burn parts of heather before August to allow it to grow at different lengths, which increases the number of grouse yields ."
Who was Brigitte Bardot’s third husband,"Gunter Sachs?

Gunter Sachs was a German-Moroccan photographer and playboy figurehead of the international jet set who married Brigitte Bardot in 1966, after her second marriage to Jacques Charrier.

Gunter Sachs was a friend of artists like Andy Warhol, Jean-Paul Goude, and Terry O’Neill, and was known for his","?

Brigitte Bardot’s third husband was Gunter Sachs.

Gunter Sachs was a German photographer, publisher, and playboy. He was born on March 1, 1932, in Hamburg, Germany, and died on May 1, 2011, in Saint-Tropez, France.

Bardot married Sachs in 1",Brigitte Bardot's third husband was Gunter Sachs . They married in July of 1966  and divorced just three years later in 1969 .
Who were the runners up in the 1998 FIFA World Cup Final?,"The 1998 FIFA World Cup Final in France's Stade de France featured a dramatic and enthralling contest between the world champions of the time, the German national team known as Die Mannschaft, and the host nation's team, Les Blues Étoiles du Sport En Seine.

Germany's Oliver Bierhoff-Maurer and France","The 1998 FIFA World Cup Final was played between France and Brazil. Brazil were the runners up in the 1998 FIFA World Cup Final.

Who were the runners up in the 1994 FIFA World Cup Final?

The 1994 FIFA World Cup Final was played between Brazil and Italy. Italy were the runners",France defeated Brazil in the 1998 World Cup Final .
Major Walter Wingfield is associated with which sport?,"Answer: Maj Walter Wingfield is associated with the sport of Pélon4éen (Peloton 4a, Pelen4b, Pelfen, Pelfergus, Pelfi, Pelfinius, Pelfissi, Pelfo, Pelfpi, Pelfpussi, Pelfusi, Pelfuzi, Pelfuzi Pelfschi","Major Walter Wingfield is associated with the sport of lawn tennis. He is credited with popularizing the game in the late 19th century.

Wingfield was a British Army officer who, in 1874, devised a simplified version of the game of tennis, which he called ""Sphairistike,"" and later ""Lawn Tennis."" He wrote a set of rules",Major Walter Wingfield is associated with tennis .
"""""""The Butter Battle Book"""" by Dr. Seuss was a commentary on what real-life """"war""""?""","Title: The Sneetches on Tweet-tweet Island

Author: Dr. Seuss

Illustrator: Roy D. Licarco

Year Published: 1961

Genre: Children's Literature

Synopsis:

Dr. Seuss creates a whimsical alleg","""""

""The Butter Battle Book"" by Dr. Seuss was a commentary on what real-life ""war""?

Answer: The Cold War

""The Butter Battle Book"" is a children's book written and illustrated by Dr. Seuss, published in 1984. The story is a satirical allegory for the","The Butter Battle Book by Dr. Seuss was a commentary on the Cold War and the arms race between the United States and Russia.  Both VanItch and Grandpa are willing to use progressively larger weapons in response to the other side's threats.  The book can thus be used to discuss war in general, the concept of mutually assured destruction, and how war can develop from a senseless conflict."
Eliza Manningham Buller was the former Director General of which organisation?,"Answer: Former Director General of the Central Intelligence Agency (CIA)

Answer: Yes.

Answer: Yes.

Answer: Yes.

Answer: Yes.

Answer: Yes.

Answer: Yes.

Answer: Yes.

Answer: Yes.

Answer: Yes.

An","Answer: MI5

Manningham-Buller was the Director-General of MI5, the British Security Service, from 2002 to 2009. She was the first woman to hold the post.

MI5, or the Security Service, is one of the United Kingdom's intelligence agencies, and is responsible for protecting the nation from threats","Eliza Manningham Buller was the Director-General of the UK Security Service between 2002 and 2007 . She is currently the chair of the Wellcome Trust, one of the world's biggest medical trusts with over £25 billion in assets . Between the 1980s and early 1990s, she was one of only a handful of people who knew that Oleg Gordievsky, the deputy head of the KGB at the Soviet embassy in London, was actually a double agent . She was also a member of the Board of Governors of the Wellcome Trust from 2008 to 2021 ."
"In literature, who sped across the Atlantic in the SS Henrietta?","In the 19th-century novel ""A Trip to America,"" by George Augustus Sala, a British journalist named Henry Edward Charles Ashworth Rooke (Henrietta's son, in the book) spends three months in the United States covering the Civil War before making the transatlantic crossing on the SS Henrietta. The ship, a luxurious steamship","In the novel ""The Voyage of the Beagle,"" the character who sped across the Atlantic in the SS Henrietta is Charles Darwin. The book, written by Charles Darwin himself, is a record of his five-year voyage around the world on the HMS Beagle. The SS Henrietta is a ship that Darwin took to return to England after the voyage.

The","In literature, the SS Henrietta was a ship.  It is a three-masted square-sterned merchant ship from 60 to 80 feet in length. It could hold a cargo of 120 tons and had a crew of 18 men. It is thought that it was built in France."
"Cathays, Splott and Fairwater are all areas of which British city?","Answer: Cardiff

Answer: Cardiff is the capital and largest city in Wales, a constituent part of the United Kingdom.

Answer: Cardiff is a port city on the southern coast of the Severn Estuary, which opens to the Bristol Channel.

Answer: Bristol is a British city in the South West region of England.","# British Cities Quiz

This quiz is about British cities.

Britain is a group of islands in the north-west of Europe. It is made up of four countries: England, Scotland, Wales and Northern Ireland. Each of these countries has its own capital city. England's capital is London, Scotland's is Edinburgh, Wales' is Cardiff and","Cathays, Splott and Fairwater are all areas of Cardiff, Wales ."
"King Harold II, Richard I and Richard III all share which distinction?","Answer: King Harold II and Kings Richard I and III share a unique distinction in the history of the Anglo-Saxon and Anglo-Norman/Angevin and Plantagenet England.

1. King Harold II was a Saxon king of England before the Norman Conquest in 1066.

2. King Richard I was a Norman king of the English","All three kings were crowned in Westminster Abbey.

King Harold II was crowned on January 6, 1066, at Westminster Abbey. He was the last Anglo-Saxon king of England and was defeated by William the Conqueror at the Battle of Hastings.

Richard I, also known as Richard the Lionheart,","Harold Godwinson (c. 1022 – 14 October 1066), also called Harold II, was the last crowned Anglo-Saxon king of England. Harold reigned from 6 January 1066 until his death at the Battle of Hastings, fighting the Norman invaders led by William the Conqueror during the Norman conquest of England.  The Battle of Hastings was fought on October 14, 1066 between the Norman-French army of William, the Duke of Normandy, and an English army under the Anglo-Saxon King Harold Godwinson, beginning the Norman conquest of England."
The Stratosphere Tower is the highest building in which US city?,"Answer: The Stratosphere Tower is the tallest building in the city of Las Vegas, Nevada.

Answer: The Stratosphere Tower is the tallest building in the US city of Las Vegas.

Answer: The Stratosphere Tower is the tallest building in the United States.

Answer: The Stratosphere Tower is the tallest building in the US","# 









The Str","The Stratosphere Tower, which is located in Las Vegas, is the tallest observation tower in the United States."
"""Which German-born composer became a naturalised Englishman, wrote 30 operas in the 18th century, and is more famous now for his oratorios such as """"The Messiah""""?""",Answer: Georg Friedrich Handel (1685-1759) and Georg Friedrich Händel (German spelling) both lived in the 18th century but a generation apart: Händel died in 17,"# Music - Composers

This Music quiz takes a look at composers. Composers are musicians who write music, either for their own performance or for others to play or sing. They are the creators of musical works, and their","George Frideric Handel, born in 1685 in Halle, Germany, became a naturalized Englishman and is better known for his oratorios such as The Messiah, than his 30 operas he composed in the 18th century."
"""""""I don't see why we need to stand by and watch a country go Communist because of the irresponsibility of its own people."""" Whose words that preceded a 1973 coup in a South American country?""","The words that preceded the 1973 coup in the southern cone of the South American continent were those of the United States' Secretary of State, William P. Rogers. In a telegram to the Uruguayan Foreign","""""

import re

p = re.compile(r'(\w+)\.?\s+(\d+)\s+(\w+)\s+(\w+)\s+(\w+)\s+(\w","The 1973 Chilean coup d'état, which deposed the government of President Salvador Allende, was led by General Augusto Pinochet. It is now confirmed that the US government, led by president Richard Nixon, was heavily involved in the coup. Containment policy and the emphasis on defeating Communism are two of the main reasons behind the US government's actions."
"The Noble gases are Helium, Neon, Krypton, Xenon, Radon and which other element?","Reon, a member of the noble gas family, is a monoatomic gas with a very low density and a weak intermolecular force. The other noble gases are Krypton, Xenon, and Radon. Xenon is a colorless, odorless, and nearly inert gas, while Radon is a","The noble gases are Helium, Neon, Krypton, Xenon, Radon and Argon.

The noble gases are a group of chemical elements in group 18 of the periodic table. They are colorless, odorless, tasteless monatomic gases at standard conditions for temperature and pressure.","The Noble gases are Helium, Neon, Krypton, Xenon, Radon, and Oganesson ."
Who in 1711 wrote the line 'A little learning is a dangerous thing'?,"In 1711, the satirist and philosopher Alphonse Firdi Browne (1634-1718) coined the line ""A little learning is a dangerous thing."" The line has since become a proverbial saying in the English-speaking world.

Alphonse Firdi Browne was","Answer: Edward Gibbon

Edward Gibbon, the English historian, wrote the line 'A little learning is a dangerous thing' in 1711. He is best known for his monumental work 'The History of the Decline and Fall of the Roman Empire', which he began in 1764 and published in six volumes between 17","""A little learning is a dangerous thing"" is a quote from the poem ""An Essay on Criticism"" written by English poet Alexander Pope in 1711 ."
"Specific areas of Britain, e.g. the Broads, are designated as ESA's. For what does the S stand?","Stand for Sennen Hutts and Coastal Warden Service.

Sennen Hutts are small, isolated coastal properties managed by ESA's Coastal Warden Service. Coastal Warden Officers live in these Hutts and work to protect the coastline from erosion, flooding, and","The S stands for 'Special'.

The Broads is a network of rivers and lakes in the English counties of Norfolk and Suffolk, UK. It is designated as an Environmentally Sensitive Area (ESA).

Environmentally Sensitive Areas (ESAs) are areas of land in the United Kingdom",ESA stands for Environmentally Sensitive Area .
Name the 1980's hit sung by Tina Turner and Rod Stewart?,"Tina Turner's and Rod Stewart's 1980s hit single, ""We Don't Need to Burn,"" featured both artists sharing the lead vocals on the song.

Tina Turner, born in 1938, was already a music star when she met Rod Stewart in 1983, before the release of their 19","Answer: ""We Don't Need Another Hero""

The song ""We Don't Need Another Hero"" was a hit in 1985. It was sung by Tina Turner and Rod Stewart. The song was written by Terry Britten and Graham Lyle for the soundtrack of the movie ""Mad Max Beyond Thunderdome"". The song was a",The song is called Hot Legs.
"Which board game was invented by part-time clown, Anthony E Pratt?","Anthony E Pratt is a part-time professional clown and full-time board game designer. He has created a unique blend of clowning and board gaming, resulting in the game title, ""Clowns & Cronies.""

Anthony has been performing as a professional clown since 1999 and has experience working with various circuses, children","# Answer: Kerplunk

Kerplunk is a board game invented by part-time clown, Anthony E Pratt. The game was first introduced in 1967 and is still popular today. The objective of the game is to remove the least number of strings without causing the marbles to fall off the sticks. The game is played by placing sticks into a container","Anthony E. Pratt, a solicitor's clerk and part-time clown from Birmingham, England, invented the board game Clue."
"Active from 1973 to the present, what Bellevue based sisters front the rock band Heart?","Anne Wilson and Nancy Wilson were both part of the early lineup for the influential rock band Heart, which was formed by their parents, Sten and Rosie Wilson, in 1973 in Bellevue, Washington. The siblings have been an integral part of Heart ever since.

Anne Wilson played bass and sang backing vocals, while Nancy","Ann and Nancy Wilson are the sisters who front the rock band Heart. The duo formed the band in 1973 and have been active ever since. They are known for their powerful vocals and guitar skills. The band has had numerous hits, including ""Barracuda,"" ""Crazy on You,"" and ""Alone."" They have been inducted","The rock band Heart was formed in 1973 by two sisters named Ann and Nancy Wilson.    Ann played lead guitar and provided lead vocals, while her younger sister Nancy played guitar as well.   The band became infamous for their various hit songs, which include ""Crazy on You"", ""Barracuda"", and ""What About Love"".  Heart saw many highs and lows over the years, but are currently still together as a group."
"Which boxer won the Olympic gold medal at Middleweight in 1976, and then went on to win the World Professional title at both Light-heavyweight and Heavyweight?","Answer: Duane Friederichs

Duane Friederichs represented the United States at the 1976 Summer Olympics in boxing's middleweight division (71 kg). Duane won the gold medal in this category, which means he is an","The boxer who won the Olympic gold medal at Middleweight in 1976 and then went on to win the World Professional title at both Light-heavyweight and Heavyweight is Sugar Ray Leonard.

Sugar Ray Leonard, born in 1956,","The boxer who won the Olympic gold medal at Middleweight in 1976 and went on to win the World Professional title at both Light-heavyweight and Heavyweight was Michael ""Jinx"" Spinks."
Which wine can be fino' or 'Oloroso'?,"Córdoba, a beautiful city in the southern part of Spain, is known for its sherry-like wine called Fino Sherry or Fino Andalusí. Fino is a light, dry wine with a straw-yellow color and a delicate, crisp flavor.

Oloroso Sherry or Oloroso Andalusí is a darker, richer wine with","The wine that can be both fino' and Oloroso is a type of sherry. Sherry is a fortified wine produced in the Sherry Triangle area of Spain, which includes the provinces of Cádiz, Huelva, and Seville.

Fino' and Oloroso are two distinct styles of sherry, both made from the Palomino grape. The difference","Fino is a type of wine made in Spain and typically lacks the yeasty taste as compared to its counterpart Oloroso . While both Fino and Oloroso are made in Spain, Oloroso is made from a heavier more full-bodied must than Fino. The heavier must is fermented and once the wines are evaluated, the ones who have a thicker body will be selected to continue aging as Oloroso . Oloroso is darker and usually has a nutty flavor . Both Fino and Oloroso are types of sherry."
Where do you want to go today?,"Today you're

Today you'

Today you'

Today you'

Today you
've got a few options for where you'

Today you

Today you'

Today you''ve got a few options for where you''d like to go today.

Today you

Today you

Today you","# The Best of the Best: Top 100 Travel Experiences

The world is full of incredible places to visit, and we've compiled a list of the top 100 travel experiences to help you plan your next adventure. From breathtaking natural wonders to iconic landmarks, these destinations offer unforgettable experiences that will leave you with memories to last a lifetime.

1. Visit","The most prominent landmark in Edinburgh, Scotland is the Edinburgh Castle. The castle houses the Honours (Crown Jewels) of Scotland, as well as the Stone of Destiny. The oldest part of the castle is St. Margaret's Chapel, which dates back to the 12th century.  The castle was the traditional repository of the Honours of Scotland, however in 1996, the stone was removed to England. The stone is a block of sandstone upon which Scottish monarchs were crowned."
True or False? The German's made the first artificial Christmas tree out of Goose feathers?,"True or False? The German's made the first artificial Christmas tree out of goose feathers?

True or False? The German's made the first artificial Christmas tree out of goose feathers?

True or False? The German's made the first artificial Christmas tree out of goose feathers because he'd run out of pine trees to","False. The first artificial Christmas tree was made in Germany, but it was not made from goose feathers. It was made from dyed GEESE DOWN.

The first artificial Christmas tree was created in Germany during the early 19th century. It was made from goose down, dyed green, and attached to wire branches. This was done","The first artificial holiday trees were made from feathers and were crafted in Germany.  These feather trees gained popularity in the 19th century and were sometimes illuminated with wax candles.  In 1840, Prince Albert, Queen Victoria's consort, is credited with introducing the Christmas tree into England, although the tradition of having a Christmas tree really began with Queen Charlotte, who was German and the wife of George III.  While history records that the Germans made the first artificial Christmas tree out of goose feathers, feathers were not the only material used to make early artificial trees."
What to the Inuit people are mukluks?,"Inuit people live in the Arctic regions of the northern hemisphere. In the cold climate, they wear traditional boots called mukluks. The boots are made of seal skin and are an essential part of their daily attire. The mukluks are designed to protect the wearer from the cold and snowy conditions.

Mukluks are made in various styles, with some being more","Mukluks are traditional Inuit footwear. They are made from sealskin, caribou skin, or other warm materials. The word ""mukluks"" is derived from the Inuit word ""mukla,"" which means ""foot."" Mukluks are designed to keep feet warm in the harsh Arctic climate.

What are mukluks made of?

Tr","Mukluks are soft boots made of reindeer or sealskin and worn by Arctic people, including the Inuit, Iñupiat, and Yupik.  They are sometimes used interchangeably with the term ""mukluk,"" which actually was the Yupik word for the boot.  The Inuit word for mukluks is ""kamik.""  Today, some mukluks are made from modern materials and may not look traditional, but they still serve the purpose of keeping feet warm and dry in cold weather."
Chalcocite is an important ore of which metallic element?,"A. Aluminium
B. Gallium
C. Indium
D. Thulium
E. Tin
F. Zirconium
G. Hafnium
H. Lead
I. Thorium
J. Uranium
K. Zytel
L. Zircon
M. Zirconium dioxide
N. Zir","Chalcocite is an important ore of copper. It is a copper sulfide mineral with a chemical composition of Cu2S. Chalcocite is often found in association with other copper minerals such as chalcopyrite and bornite. It is typically found in hydrothermal veins and sedimentary rock formations.

Chalcocite is a br",Chalcocite is an important ore of copper.
"Now making a career as a pop singer and actress, who was the first African-American woman to win the Miss America crown, which she held for 10 months, before being forced to resign over the imminent publication of nude photos?","Title: The Girl Who Stole the Light

Genre: Memoir/Biography

Author: Eleanor Holmes Norton, with co-author Roberta Gibb, the first black Miss America Runner","The answer is Vanessa Williams. She was born on March 18, 1963, in Millwood, New York. She was the first African-American woman to win the Miss America crown, which she","Vanessa Williams was the first African-American woman to win the Miss America crown, which she held for 10 months before being forced to resign over the imminent publication of nude photos."
Who had a U.K. No 1 in the 80's with Eternal Flame,"In the 80s, a unique musical and emotional phenomenon occurred that still resonates with fans and music lovers to this day. Eternal Flame, a haunting ballad from the boy band The Human League with lead vocalist Phil Oakey, reached No.1 in the UK charts in September 1985.

Eternal Flame","?

The Bangles had a U.K. No 1 in the 80's with Eternal Flame. The song was released in 1989 and spent one week at the top of the charts. The Bangles were an American all-female rock band that formed in 1981. They were known for their blend of","""Eternal Flame"" was a hit song performed by American pop rock group The Bangles, and written by group member Susanna Hoffs with the established hit songwriting team of Billy Steinberg and Tom Kelly . The song was a #1 hit in nine countries, including Australia, Sweden, the United Kingdom, and the United States . The song was also covered by Australian boy band Human Nature and British girl group Atomic Kitten ."
The iPhone was launched by which company?,"Answer: Apple Inc.

iPhone was first introduced by Steve Jobs on January 9, 2007, and has since become one of the most popular smartphones in the world.

Apple Inc. is a multinational technology company that designs and builds a variety of consumer electronics devices, including the iPhone.

iPhone runs on Apple's iOS operating system, and is known for","Apple

The iPhone was launched by Apple. The first iPhone was released on June 29, 2007. It was a revolutionary product that combined a mobile phone, a music player, and a mobile internet device into one. The iPhone has since become one of the most popular smartphones in the world, with millions of units sold each year.

## Related Questions

Which company launched the iPhone?","Apple Inc., which Steve Jobs co-founded in California in 1976, launched the iPhone in 2012 . In five years after its debut, more than 200 million iPhones were sold ."
Conjoined twins are also known as what?,"Answer: 

Answer: 

Answer: 

Answer: 

Answer: 

Answer: Conjoined","A. Siamese twins
B. Joined twins
C. Fused twins
D. All of the above

Answer: D. All of the above

Conjoined twins are twins that are joined to each other. They are also known as Siamese twins, after Chang and Eng Bunker, the original conjoined twins who were from",Conjoined twins are also known as Siamese twins.
Which capital city is on the northern bank of the La Plata estuary?,"Answer: La Plata is a significant river in the southern region of the South American continent. The river rises in the southern part of the country and flows northward along the coastline of the southern region, and then turns inland to flow through the region known as the Pampas, which is a vast and fertile plain in the southern part of the country. The river then turns","# Buenos Aires

Buenos Aires is the capital city of Argentina and is located on the western coast of the estuary of La Plata river. It is the largest city in Argentina and the second largest in the Spanish-speaking world, after Mexico City. The city is known for its European architecture and rich cultural life. It is a major tourism destination and is famous for its football","The capital city of Uruguay, Montevideo, is on the northern bank of the La Plata estuary ."
On what holiday did North Vietnam launch a major offensive?,"On the eve of the Tet holiday in 1968, North Vietnam launched a massive military and political operation known as the Tet Offensive. The objective was to capitalize on the holiday to infiltrate South Vietnam, attack key targets, and establish control over the country.

Tet Offensive was a significant turning point in the Vietnam War. The Viet Cong forces, which had been operating","The Tet Offensive was a major military campaign during the Vietnam War, launched on January 30, 1968, by the forces of North Vietnam against the forces of South Vietnam and the United States. The offensive was named after the Tet holiday, which is the most important holiday in Vietnamese culture, marking the beginning of spring.

What was the significance of the Tet Offensive",The US launched a major offensive on Christmas Day 1972.
Who described his troops – the British army - as ‘the scum of the earth’?,"Title: The Scum of the Earth

Author: George Orwell

Published: 1936

George Orwell was a prominent and influential writer and a member of the British Socialist Party of Opposition (BSPo) before he joined the Independent Labour Party (ILP) and later the Communist Party of Great Britain (CPGB).","The answer is Napoleon Bonaparte.

Napoleon Bonaparte was a French military and political leader who rose to prominence during the French Revolution. He was a key figure in the rise of the Napoleonic Wars, which lasted from 1803 to 1815.

Napoleon was born on August 15,","Arthur Wellesley, who later became the Duke of Wellington, described his troops - the British Army - as ""the scum of the earth"" . These words have become etched in history as a great commander's opinion of his men . In a letter to Henry, Third Earl Bathurst, from Huarte Spain, on July 2, 1813, Wellington wrote, ""we have in the service the scum of the Earth as common soldiers"" . Edward J. Coss, who researched fourteen British line regiments, four cavalry regiments, and the Artillery Corps, found that the majority of their personnel were laborers, drafted because they could not find any work in the cities . A great rise in the British population, combined with the increasing use of machines in industrial production left many workers facing prospects of starvation . For many, the only alternative was to enlist in one of the king's regiments ."
"Rhode Island Red, Plymouth Rock, and Jersey Giant are all types of what?","Answer: Plymouth Rock, the first place where the Pilgrims landed in the New World in 1620, is a large granite rock that marks the site of their arrival.

Answer: Jersey Giant, a breed of turkey that can weigh up to 87 kg (205 kg), is the largest known bird breed","Answer: Chickens

Chickens are domesticated birds that are kept for their eggs, meat, and feathers. They are descended from the red junglefowl of Southeast Asia and are now bred in a wide variety of sizes, shapes, colors, and behaviors.

The Rhode Island Red, Plymouth Rock,","There are three chicken breeds that go by the name of Plymouth Rock, Rhode Island Red, and Jersey Giant.    All three are fairly large chicken breeds with males weighing between 13 and 15 pounds and females weighing between 11 and 12 pounds.  The height of the male bird is usually between 22 and 26 inches, while the female is 16 to 20 inches.  A Plymouth Rock has a black body with yellow feet and four toes, a single comb, and wattles that are red, while the white variety has a white body with yellow feet and brown eyes.  A Jersey giant chicken is black, has a red comb and wattles, and yellow skin. They also come in white and blue varieties."
"""What 1999 film had the tag line """"Bigger, Longer and Uncut""""?""","Answer: 1999

Question: What 1999 film had the tag line ""Bigger, Longer, and Uncut""?

Answer: Yes.

Answer: Yes.

Answer: Yes.

Answer: Yes Q

Answer: Yes.

Answer:","""The film was 'Austin Powers: The Spy Who Shagged Me'.""

""The tagline 'Bigger, Longer and Uncut' was used to promote the film, which was a sequel to the 1997 film 'Austin Powers: International Man of Mystery'. The film was a","""Bigger, Longer and Uncut"" is the tagline for the movie South Park: Bigger, Longer, Uncut , directed by Trey Parker ."
What is the name of the aunt that Bertie lives in mortal fear of?,"Bertie lives in the house of his Aunt Ada and Uncle George in the town of Dungannon in County Tyrone. He has to live there because his parents have a strict rule that he must live with a relative while he is of a minor.

Bertie lives in the house of his Aunt Ada and Uncle George in a tense and uncomfortable environment. He is","The aunt that Bertie lives in mortal fear of is Lady Bracknell. She is a character in Oscar Wilde's play ""The Importance of Being Earnest."" Lady Bracknell is a strict and stern woman who is very concerned with social status and propriety. Bertie, the protagonist, is afraid of her because she has the power to control his life and","Bertie Wooster lives in fear of his aunts, one of whom is Aunt Agatha.  She is the Aunt that Bertie lives in mortal fear of.  Agatha Trunchbull is also a primary antagonist in the children's novel ""Matilda"" and the musical ""Matilda""."
Who wrote the plays “Nuts in May” and “Abigail’s Party”?,"A: ""Nuts in May"" was written by Alan Bennett in 1991, and ""Abigail's Party"" was penned by Mike Leigh in 1977.

B: Both plays are known for their insightful portrayals of the awkward and tense interactions among the characters.

C: Both plays have been","The plays “Nuts in May” and “Abigail’s Party” were written by Alan Bennett.

Alan Bennett is a renowned British playwright, screenwriter, actor, and author. He was born on May 9, 1934, in Armley, Leeds, England. Bennett is best known for his plays, which often","Mike Leigh wrote the plays ""Nuts In May"" and ""Abigail's Party""."
In which famous film love story did the lovers meet in a railway station?,"Answer: Title: Brief Encounter

Year: 1945

Director: David Lean

Genre: Drama, Romance

Plot: A married woman and a railway official in a railway station in post-war England fall in love with each other.

This is a classic example of a romantic drama that explores the","# The Station

In the 1946 film ""Brief Encounter,"" the two main characters, Laura and Alec, meet at a railway station in England. The film, directed by David Lean, is based on a play by Noel Coward. The story revolves around the love affair between Laura, a married woman, and Alec, a married man, who meet","Brief Encounter is a film about a passionate extramarital affair that takes place shortly before World War II in England. The plot follows a married woman named Laura, who meets a married stranger at the railway station and subsequently falls in love with him."
Which Eire county in the province of Leinster has the county town of Trim and has Tara as its main attraction?,"Answer: County Me.in the southern part of the province of Leinster, which also includes the county town of Navan in County Corklènein the southern part of the province of Leinster, the county town of Trim is the county town of County Me. Trim is a town with a rich history dating back","Meath is the county in the province of Leinster that has the county town of Trim and has Tara as its main attraction. Tara, also known as Teamhair, is an ancient site located in the Boyne Valley and is steeped in Irish mythology and history. It is believed to have been the seat of the",County Meath in the province of Leinster has the county town of Trim and is home to the Hill of Tara.
Who has won the most medals in Olympic Games since the modern Olympics began in 1896?,"To help you understand
2.95 million people have

Released in 2016, the official Olympic Games Factbook states that a total of 451,683 medals have been awarded across 28 Olympic Games Summer and Winter Games Gameserenstly you'

1. The US Olympic and Paralym","The United States has won the most medals in Olympic Games since the modern Olympics began in 1896. As of the 2016 Summer Olympics in Rio de Janeiro, the United States has won a total of 2,694 medals, including 1,003 gold, 831 silver, and 8","The country that has won the most medals in the modern Olympics is Italy, with 701 medals."
What is the commonest surname in France,"? last name most common in France?

The last name most common in France is ""Tomanézon or Tomanézon,"" a rare surname with origins in the southern regions of the country. The most common last name in France is ""Péan,"" which holds the 11th place in the national ranking.

The most common last name in France is ""Dufour."" The name ranks first in","?

The most common surname in France is Martin.

What is the most common last name in the world?

The most common last name in the world is Wang.

What is the most common last name in the United States?

The most common last name in the United States is Smith.

What is the most common last name in the United Kingdom?

The most common last name in the","According to Genealogy Families.com, the commonest last name in France is Martin, which is derived from the first name Martinus, which itself is Latin for ""of Mars"". A saint by the name of Martin of Tours was popular in Europe during the Middle Ages, and people may have adopted the surname after him. Another theory is that the surname Martin comes from two old English words, ""maer"" meaning lake and ""tun"" meaning settlement.  The second most common surname in France is Bernard, which comes from the old French word for ""bear"". It may also have originated from the name of a saint."
What Disney film features a princess named Merida?,"Answer: ""Brave,"" a 2012 animated feature from Disney/Pixar, is the only film to feature a princess named Merida. The story follows the strong-willed and independent-minded Scottish princess as she defies the tradition of arranged marriages to seek her own fate.

Merida is a skilled archer and an independent thinker, which leads to conflict with her mother,","Merida is the protagonist of the 2012 Disney animated film Brave. She is the first Pixar princess and the first Scottish princess. She is the daughter of King Fergus and Queen Elinor of Scotland.

What is the name of the princess in Brave?

Merida is the protagonist of the 2012 Disney animated film Brave. She is the",Brave is the Disney movie that features a princess named Merida.
Americans call it a purse what would we call it,"in a non-English speaking country like ours?

In non-English speaking countries like ours, we don't refer to a woman's handbag as a ""purse."" We call it a ""mur.laH."" The term ""purse"" refers to a small bag used to carry a woman's personal items like makeup, money, and phone. In our non-English speaking countries, we don","in Australia?

The word purse is used in Australia to describe a small bag that women carry to hold their personal items such as money, keys, makeup, and mobile phones. It is typically made of fabric or leather and can be carried by hand or attached to a larger bag.

In Australia, the term ""handbag"" is also used to describe a small bag that women carry. This term is more commonly used","In American English, a purse is a small bag used to carry money and other small objects, whereas a handbag is a larger accessory that can hold personal items.  In British English, ""purse"" can refer to both a small bag for money or a handbag.  The word ""purse"" originates from the word ""purse"" which means a small bag for carrying money."
"Which British Prime Minister died in office in 1827, just 199 days after assuming the title? His is the shortest term of office of any British P.M.","George Canning, a Tory MP and Foreign Secretary, was unexpectedly appointed British Prime Minister on April 22, 1827, just two days after the death of George Canning's predecessor, George Cumberland Adelbert Canning,","The answer is George Canning.

George Canning was a British Tory politician who served as Prime Minister of the United Kingdom from 1827. He was a skilled orator and writer, and was a key figure in the development of modern British conservat","George Canning is the shortest serving British Prime Minister, just 199 days after assuming the title he died in office . Canning died of health issues having suffered a stroke only months into his term as Prime Minister, he died the following year ."
The human gastrocolic reflex typically prompts someone to visit the?,"restroom after eating a meal. The gastrocolic reflex is a reflex that helps the body digest and eliminate food.

The gastrocolic reflex can be experienced as a feeling of urgency to go to the restroom shortly after eating a meal. The reflex is a normal and natural part of the body's digestive process.

The gastrocolic ref","bathroom after eating a large meal.

The gastrocolic reflex is a normal physiological response that occurs when the stomach is full. It is a reflex that stimulates the large intestine to contract and move its contents along. This reflex is triggered by the presence of food in the stomach and the subsequent release of certain hormones.

The gastrocolic","The gastrocolic reflex is a normal involuntary reaction that takes place after food is eaten.  When food is eaten, the body releases a hormone that causes the colon to contract, and these contractions move the food through the digestive system.  This reflex is why you may feel the need to use the bathroom shortly after eating."
"Donald Pleasance, Telly Savalas and Charles Gray have all played the role of which James Bond villain?","Donald Pleasance as Ernst Stavro Blofeld

Donald Pleasance played Ernst Stavro Blofeld in the first James Bond film, Dr. No (1962), and then returned for the following four films in the series.

Ernst Stavro Blofeld is the head of the criminal organization known as S","# James Bond Villains Quiz

James Bond is a fictional character created by author Ian Fleming in 1953. The character has been featured in a series of novels and short stories, and has been portrayed by several actors in a series of films.

The films have been produced by Eon Productions and","Blofeld, a James Bond villain, has been portrayed by three actors - Donald Pleasance, Telly Savalas, and Charles Gray . Among these three, Pleasance remains the most memorable of the trio . Pleasance played Blofeld in the film You Only Live Twice ."
"""What is """"Midway"""", the site of the Battle of Midway?""","Midway is a small island in the central Pacific Ocean, about 230 miles (370 km) southwest of the island of Hawaii. The Battle of Midway, which took place on June 4-7, 1942, is considered a significant turning point in the Pacific War. The Japanese attack on Midway aimed to cripple the U","The Battle of Midway was a crucial naval battle that took place in June 1942, during World War II. It was a decisive victory for the United States, which marked a turning point in the Pacific campaign against Japan. The battle was fought around the Midway Atoll, a group of small islands in the Pacific Ocean.

The Battle of Midway was a","The Battle of Midway was a battle between the U.S. Navy and the Imperial Japanese Navy that took place over a several day period starting on June 3, 1942 and ending on June 6, 1942. The battle took place at Midway island which is located in the middle of the Pacific Ocean. The major naval battle served as a decisive victory for the United States and effectively turned the tide of World War II in the Pacific in the United States' favor.  

The battle began with a surprise attack on the American base at Midway by the Japanese on the morning of June 4, 1942. The Japanese hoped to draw the rest of the United States' Pacific fleet out into open water where they could destroy them. However, the Americans had broken the Japanese communication codes and knew that an attack was imminent. They were also able to confirm the attack location and time by sending a false message about being out of fresh water. Japan responded with the correct message that indicated that they understood the base at Midway was low on fresh water. Subsequent attacks by the Japanese aircraft left the U.S. base damaged but still operational. The Americans were able to use this time to reorganize and prepare for battle.  

During the battle"
"""The W.W.II campaign, known as, """"The Battle of the Bulge"""", was fought in which area of Europe?""","Answer: The Battle of the Bulge was a significant German offensive that took place in the Ardennes region of Belgium and Luxembourg during the World War II. The attack aimed to split the Allied lines, capture key cities like Mahlon, Esch, and Erezville, and ultimately capture the city of Antwerp","The Battle of the Bulge was fought in the Ardennes region of Belgium, Luxembourg, and Germany.

The Battle of the Bulge was the last major German offensive campaign on the Western Front in World War II. It took place between December 16, 1944 and January 28,",The Battle of the Bulge took place in the Ardennes Forest between Belgium and Luxembourg.
The population of Malta is reputed to be descended from which ancient people?,"Answer: Phoenicians

Answer: Phoenicians

Answer: Phoenicians

Answer: Phoenicians

Answer: Phoenicians

Answer: Phoenicians

Answer: Phoenicians

Answer: Phoenicians

Answer: Phoenicians

Answer: Phoenicians","# The Phoenicians

The Phoenicians were an ancient civilization that existed in the Levant area of the eastern Mediterranean. They were known for their seafaring abilities and their skill in navigation. They were also known for their trade and commerce, which was a significant part of their culture.

The Phoenicians were known for their maritime skills and their ability to navigate the","The current population of Malta is descended from Sicilians and Calabrians , Sicilians primarily , who colonized the islands after the population had dropped due to the Arab conquest of Aghlabids in AD 870 . The Maltese, descended from these colonists, speak a Romance language derived from Siculo-Arabic , with many English and French loan words, and use the Latin alphabet with various diacritics . However, there were other cultures on the islands prior to the current population. The Phoenicians, Greeks, and Romans all had influence on the culture, but left few traces as the names of places were mostly lost . The Phoenicians did leave a religion, which may have influenced the current Christianity  and cuisine, as the ancient diet was mostly meat and cereal ."
Which is the most easterly state of the USA?,"Answer: The USA isn't a single state or region of land, but a federal republic made up of 50 states and a federal district (Washington D.C.).

Answer: The most easterly state in the USA is Maine.

Answer: Maine is a single-state bordering the Atlantic Ocean to its east.

Answer: Maine is the northernmost","The most easterly state of the USA is Maine. It is located in the northeastern part of the country and is bordered by New Hampshire to the west, the Atlantic Ocean to the east, and the Canadian provinces of Quebec to the north and New Brunswick to the northeast.

Maine is the 12th largest state by area and the 9th smallest by population.","The most easterly state of the United States is Maine, at the West Quoddy Head lighthouse.  Alaska is the most eastern state because it shares land borders with Canada and Russia, and it is the northernmost and westernmost state.  Hawaii is the southernmost state."
"If you were watching a game between the Red Sox and the Yankees, what sport would they be playing?","Answer: The Major League Baseball (MLB) teams, the Boston Red Sox and the New York Yankees, would be playing a game of baseball.

Answer: The Red Sox and Yankees are professional baseball teams that compete in the same league, the Major League Baseball (MLB).

Answer:","The sport they would be playing is baseball. The Red Sox and the Yankees are two of the most well-known teams in Major League Baseball (MLB), which is the highest level of professional baseball in the United States.

The Red Sox are based in Boston, Massachusetts, and the Yankees are based in New York City","The Red Sox and Yankees play in the American League, which means they play baseball ."
Which top 10 hit of 1959 by 'The Browns' tells the story of little Jimmy Brown,"and his musical family

Title: The Brownsville Boy

Artist: The Browns

Released in 1959, ""The Brownsville Boy"" is a top 10 hit that showcases the musical talents of a young Jimmy Brown, son of the popular country group The Browns. The Browns, consisting of","who is sent to the store for some groceries and gets lost on the way?

The Browns were an American country music group, active from 1954 to 1964. The group was composed of Jim Ed Brown, his sister Maxine Brown, and their cousin Bonnie Brown. Their 1959 hit ""","""The Three Bells""—also known as ""Little Jimmy Brown""—is a song that was a top hit in 1959 . It was based on the song ""Les Trois Cloches"" by Jean Villard Gilles and Marc Herrand; Bert Reisfeld provided English lyrics ."
Which group ha a number one hit for three weeks in 1982 with 'The Lion Sleeps Tonight'?,"The group that had a UK No.1 hit for three weeks in 1982 was Toots Hibbert and The Skatalites with 'The Lion Sleeps Tonight'.

The Skatalites were a renowned Jamaican ska and reggae band, and Toots Hibbert was a","Answer: Tight Fit

Tight Fit was a British pop group that had a number one hit for three weeks in 1982 with 'The Lion Sleeps Tonight'. The group was formed in 1981 and consisted of Steve Collinson, Chris Phipps, and Eddie Mott.","The Tokens had a number one hit with ""The Lion Sleeps Tonight"" in the U.S. in 1961."
Whose nickname was a derived from the term satchel-mouth?,"Answer: Whose nickname was a derived from the term ""satchael-pocketbook-holder-of-secrets,"" which referred to a large pocketbook carrier with a secret compartment?

Answer: Whose nickname was a derivation of the term ""satchael-pocketbook-holder-of-secrets,"" which was later shortened","Answer:

The nickname ""Satchel-mouth"" was given to the American baseball player, Satchel Paige.

Satchel Paige, born as Leroy Robert Paige, was an American professional baseball player. He was known for his incredible pitching skills and was one of the most dominant pitchers of his time. His nickname ""Satchel-","Louis Armstrong's nickname was derived from the term ""satchel-mouth"" ."
Who stole fire from The Gods?,"In the beginning, there were no fires on Earth. The first humans lived about 2 million years after the Earth formed, and they didn't have access to fire until about 400,000 years after the Earth formed, or about 100,000 years after the first humans. The first known fire-using humans lived around 400,000 years after the Earth formed,","The story of Prometheus is one of the most famous in Greek mythology. Prometheus, a Titan, was known for his intelligence and cunning. He was the son of Iapetus and the nymph Clymene, and brother to Epimetheus.

Prometheus is best known for stealing fire from the gods and giving it to humanity, allowing them to advance technologically and","In Greek lore, Prometheus is credited with the creation of humanity from clay and of defying the gods by stealing fire and giving it to humanity as civilization . Zeus, king of the Olympian gods, sentenced Prometheus to eternal torment for his transgression . Prometheus was bound to a rock, and an eagle—the emblem of Zeus—was sent to eat his liver . In some versions of the myth, Prometheus was the first to bring fire to humanity . In these tellings, Prometheus stole fire for humanity out of pity, rather than to correct Zeus’s unjust act . The punishment of Prometheus as a consequence of the theft of fire and giving it to humans is a popular subject of both ancient and modern culture ."
What amorphous form of graphite or pure carbon is used mainly as a lubricant for machinery?,"Pure graphite, a form of carbon with a hexagonal lattice structure, is not a lubricant. It is a dry, powdery material that is used to make electrically conductive materials like graphite-epoxy composites and pencil leads.

Graphite intermixed with silica, as in silicotube graphite, is","Answer: Graphite

Graphite is a form of carbon that is used mainly as a lubricant for machinery. It is a black, crystalline form of the element carbon, with a tendency to form a layer structure due to the strong van der Waals forces between its layers. This structure gives graphite its slippery feel and makes it an","Amorphous carbon, a form of carbon with no definite crystalline structure, is one of the principal forms of carbon.   Its most stable form is graphite, which can be found naturally, and is used as a lubricant and a pigment in glass manufacturing.   Graphite is formed when carbon atoms bond together into sheets, which allows the atoms to slip past one another with ease, thereby providing lubrication."
Which prolific Australian bastman retired in early 2009?,"Answer: Retired cricketer Simon Katich announced his departure from the game in early 2009 after playing in the first Test of the Ashes series in England.

Answer: Katich had played in all three formats of the game for Australia, and had represented them in 61 Tests, scoring 3,124 runs at an average of 3","# Australian Cricket Quiz

This Australian Cricket Quiz is a test of your knowledge of Australian cricket.

Australian cricket has a long and storied history. The Australian national cricket team, known as the Baggy Greens, has been one of the most successful teams in the history of the sport. The team has won the ICC Cricket World Cup twice, in",Former Zimbabwean cricket player Tatenda Taibu retired in early 2009 . The 34-year old was a mainstay of Zimbabwe's batting line-up . He scored a solitary Test century and made 1546 runs at 30.31 . He also played for Kolkata Knight Riders in 2008 but played only three matches . He retired at 29 to work for a church .
Who was buried in Milan under the name of Maria Maggi to discourage grave robbers?,"In the early 19th century, a woman named Maria Maggi was buried in the Cimitero di San Michele in Milan, Italy. The purpose of giving her a false name was to deter grave robbers, who were known to target cemeteries in search of valuable items like jewelry or bones that could be sold on the black market.

M","The body of the famous Italian composer Giuseppe Verdi was buried in Milan under the name of Maria Maggi to discourage grave robbers.

Verdi was one of the most important composers in the history of opera. He was born in 1813 and died in 1901. His works include La Traviata, Aida","Eva Perón was buried under the name Maria Maggi in Milan to discourage grave robbers from stealing her body . After her death in 1952, her body was put on display in Buenos Aires until an enormous mausoleum could be constructed for her. However, in 1955, Argentine military leaders who had seized power from Juan Peron feared the symbolic power of Evita's corpse, so they hid it in various locations around the city . In 1957, Perón was secretly buried in Milan, Italy . Fourteen years later, her body was exhumed and moved to Madrid, where her husband lived in exile . In 1974, her remains were returned to Buenos Aires and buried in a fortified crypt in La Recoleta Cemetery ."
"""""""April is the cruellest month"""" is the opening line of which poem by T S Eliot?""","Answer: Yes.

Answer: Yes.

Answer: Yes.

Answer: Yes.

Answer: Yes.

Answer: Yes.

Answer: Yes.

Answer: Yes.

Answer: Yes.

Answer: Yes.

Answer: Yes","""""

poem = ""The Waste Land""

print(f""The poem is '{poem}'."")

""""""The opening line of 'The Waste Land' is 'April is the cruellest month'.""""""

print(""The opening line of 'The Waste Land' is 'April is the cruellest month'","""April is the cruellest month,"" is the opening line of T. S. Eliot's 1922 poem ""The Waste Land."""
"What was the name of the play known to have been written by Shakespeare as a sequel to 'Love's Labour's Lost', but for which no manuscript has ever been found?","Title: The Lost Plays of William Shakespeare: The Fool of Quality

Playwright: William Shakespeare

Genre: Comedy of manners

Year Written: 1591-1601

Year First Performed: Never performed publicly or","# Answer: Love's Labour's Won

The play known to have been written by Shakespeare as a sequel to 'Love's Labour's Lost' but for which no manuscript has ever been found is 'Love's Labour's Won'.

The play is","Love's Labour's Won is a play written by Shakespeare as a sequel to ""Love's Labour's Lost""."
The okta is a unit used by meteorologists to measure which aspect of the weather?,"Answer: Okta is a scale used to measure the visibility conditions of the weather.

Answer: Okta is a scale that ranges from 0 to 95.

Answer: Okta is a scale that measures the visibility conditions of the weather.

Answer: Okta is a scale that indicates how clear the weather is at a given","# Answer:

The okta is a unit used by meteorologists to measure cloud cover. It is a scale of 1 to 8, where 1 represents clear skies and 8 represents overcast skies. The term ""okta"" is derived from the Greek word for ""eye,"" as it was originally used to describe the number of clouds","An okta is a unit of measurement used by meteorologists to describe the amount of cloud cover at any given location . In the SYNOP code, '0' indicates a completely clear sky, '1' indicates a completely overcast sky, and '9' indicates that the sky is totally obscured due to dense fog or heavy snow ."
What war that did not see a change in the borders or reparations even after nearly eight years of fighting but saw over a million deaths is said to be 20th century's longest conventional war?,"Answer: First Iraqi Kuwaiti Confidence Agreement of August 28, 1998

Answer: First Iraqi Kuwaiti Confidence Agreement of August 28, 1998

Answer: First",The war that lasted for nearly eight years and saw over a million deaths but did not see a change in the borders or reparations is said to be the 20th century's longest conventional war. This war was fought between 1967 and,The Iran–Iraq War lasted from 1980 to 1988 and saw over a million deaths but no change in the borders or reparations .
What does the Latin phrase ‘lapsus linguae’ mean in English?,"The Latin phrase 'lapsus linguae' means the slip of the tongue or tongue slip. This refers to an unintended or unplanned utterance of speech from an individual.

In English, this phrase is translated as ""Slip of the tongue"" or ""Tongue slip.""

The slip of the tongue or tongue slip is an idiomatic expression","The Latin phrase ‘lapsus linguae’ translates to ‘slip of the tongue’ in English. It refers to a momentary lapse in speech, where a person unintentionally says something other than what they intended to say.

This phrase is often used to describe a verbal mistake or a slip of the tongue, which can be a result of distraction","Lapsus linguae is Latin for ""slip of the tongue."""
"Which popular four word named organisation, founded in 1844 in London has, as its main motto, 'Empowering Young People' and has its headquarters in Geneva ? It is normally known by its four initials.","Answer: Empowering Young People organisation, known asY.

Main motto: Empowering Young People

Founded in: 1844, London

Headquartered in: Geneva","The answer is YMCA. The Young Men's Christian Association was founded by George Williams in London in 1844. It was initially aimed at young men in the city, providing a place for them to meet and social","The Young Men's Christian Association, or YMCA, was founded in 1844 in London as a Christian organization.  It is now known by its four initials. The YMCA has its headquarters in Geneva and now has more than 64 million beneficiaries across 120 countries.  It focuses on empowering young people through its athletic facilities and classes."
The capital of which US state is named after prospector (and discoverer of local gold in 1880) Joseph Juneau?,"A. Yes.
B. Yes.
C. Yes.
D. Yes.
E. Yes.
F. Yes.
G. Yes.
H. Yes.
I. Yes.
J. Yes.
K. Yes.
L. Yes.
M. Yes.
N. Yes","# Juneau, Alaska

Juneau is the capital city of Alaska, a state in the United States. It is named after Joe Juneau, a gold prospector who discovered gold in nearby Gold Creek in 1880. The city was founded during the Alaska gold rush in 1881. Juneau","The capital of the US state named after Joseph Juneau is Juneau, Alaska."
Name either of the countries in which the Nubian people are found?,"Answer: Sudan

Answer: Sudan, in the northeastern part of the country, is the only known region where the Nubian people are found.

Answer: What language do Nubians speak?

Answer: Nubians speak the Nubi language, which is a member of the Eastern Sudanic languages group.

Answer","The Nubian people are found in two countries: Sudan and Egypt.

The Nubian people are found in two countries: Sudan and Egypt.

The Nubian people are found in two countries: Sudan and Egypt.

The Nubian people are found in two countries: Sudan and Egypt.

The Nubian people are found in two countries",Nubians are located in Northern Sudan and Southern Egypt.
"""Which creature hunts in family groups called """"pods"""" and is the longest and fastest member of the dolphin family ?""","Answer: Yes. The Toothed Whale Shark, a massive filter feeder found in all the world's oceans, does not hunt in family groups called ""pods."" The whale shark is a solitary animal that eats tiny crustaceans and plankton. The whale shark","# Answer:

The creature that hunts in family groups called ""pods"" and is the longest and fastest member of the dolphin family is the common name for the species ""Orca"" or ""Killer Whale"".

Orcas are the largest member of the dolphin family and are known for their","Currently, there are 49 dolphin and porpoise species that are grouped into six families: the oceanic dolphin family is by far the largest with 38 members; the porpoise family has seven members; and there are four river dolphin families, each containing just one species. 

The answer is not ""which creature"" but rather which family, family group, or pod."
"When Britain's first Labour Prime Minister, Ramsay MacDonald, came to power for the second time his appointment was almost immediately followed by what world-affecting event?",Ramssey MacDonald's first term as Prime Minister of a Labour government had ended in 1924 when he was expelled from the party for supporting the Lloyd George coalition government during the General Strike. He later served as a non-party member of parliament and as a member,"The Great Depression

The Great Depression was a severe worldwide economic slump that took place mostly during the 1930s, beginning in the United States. The timing of the Great Depression coincided with the start of Ramsay MacDonald's second term as Prime","When Ramsay MacDonald was reappointed as Prime Minister of the United Kingdom in 1929, it was immediately followed by the formation of the second Labour government . MacDonald was the first Labour Prime Minister, and he held the office in the Labour governments of 1924 and 1929-1931 . By 1929, Britain was suffering from the effects of the depression, and MacDonald formed a national government to cut spending and defend the gold standard . The government was forced to abandon the gold standard after an armed naval mutiny, and MacDonald called for a general election to seek a mandate to fix the economy ."
Who won the San Marino Grand Prix in 2005,"?

The San Marino Grand Prix of 2005 was won by Kimi Raikkonnen, driving for McLaren-Mercedes. The race took place on September 11, 2005, and was the penultimate round of the 2005 Formula One season.

Kimi Raikkonen started from pole position and led the race from","?

The 2005 San Marino Grand Prix (formally the XXXI Gran Premio Marca) was a Formula One motor race held on 10 April 2005 at the Autodromo Enzo e Dino Ferrari in Imola, Italy. The race was won by Fernando Alonso of Renault, who started from pole position.

Who won the",The 2005 San Marino Grand Prix was won by Renault driver Fernando Alonso.
"""In which quiz show would you hear the words """"Is that your final answer?'?""","in the last question of the quiz show ""Jeopardy!"", where contestants must identify the first name of a person or thing for a single dollar amount in US history, geography, popular culture, and more.

Answer: Final Jeopardy!

In the last question of the quiz show ""Jeopardy!"", contestants must identify","""Jeopardy!""

""Jeopardy!"" is a long-running American television quiz show where the answers are given in the form of questions, and contestants must phrase their responses in the form of a question. The show is known for its catchphrase, ""Is that your final answer?"" which is used by the host to confirm that a contestant is","""Is that your final answer?"" is a catchphrase from the American game show Who Wants to Be a Millionaire ."
In which US state were the Salem witch trials held?,"A. Salem, Massachusetts
B. Salem, New Hampshire
C. Salem, Washington D.C.
D. Salem, Wyoming
E. Salem, Puerto Rico
F. Salem, Guam
G. Salem, Uganda
H. Salem, Y.

A. Salem, Massachusetts
B. Salem, New Hampshire
C","The Salem witch trials were held in the US state of Massachusetts. The trials took place in 1692 and 1693, and resulted in the execution of 20 people who were accused of witchcraft. The trials were a part of the larger witch craze that swept through Europe and the American colonies during the 16th and 17th centuries.

The",The Salem witch trials took place in colonial Massachusetts .
"""Which German composer was assistant to Wagner at Bayreuth 1880-1, taught at Barcelona, Frankfurt and Berlin, and is best known for his opera """"Hansel and Gretel""""?""","Answer: Carl Toto Kraigelstein (1827-1897), German composer and teacher, is not as well-known as Richard Wagner (1813-1883), who revolutionized","""Engelbert Humperdinck""

This is incorrect. Engelbert Humperdinck was a British pop singer who achieved fame in the 1960s and 1970s. The composer you",Engelbert Humperdinck.
Which pop group’s last UK number 1 single was entitled ‘Holler’?,"Answer: The Spice Girls last UK number 1 single was entitled 'Viva Forever'.

Answer: The Spice Girls last UK number 1 single was 'Viva Forever'.

Answer: The Spice Girls last UK number 1 single was 'Viva Forever'.

Answer: The Spice Girls last UK number","The Saturdays



The Saturdays

### Wrong!

Which pop group’s last UK number 1 single was entitled ‘What Took You So Long’?

The Saturdays

### Wrong!

Which pop group","""Holler"" is a song by the Spice Girls ."
"The name of what renowned institution comes from what a group of French knights, known for their lavish feasts, hung their awarded crosses from?","A. The Cross of the Holy Sepulchre
B. The Cross of Saint Louis
C. The Cross of the Te QUVla
D. The Cross of the Hospitallers
E. The Cross of Saint John of Acre
F. The Cross of Saint Thomas of Villiers","# The Order of the Golden Fleece

The Order of the Golden Fleece, also known as the Most Noble and Illustrious Order of the Golden Fleece, is a chivalric order that was founded in 1430 by Philip the Good, Duke of Burgundy","The University of Notre Dame was named in honor of Our Lady in French, ""L'Université de Notre Dame du Lac,"" by Father Edward Sorin."
"In which English city can you find an old street called The Shambles containing many overhanging timber-framed buildings, some dating back to the 14th century ? Amoing the buildings of The Shambles is a shrine to Saint Margaret Clitherow who was married and livd in a shop there.","The street was a centre for butchers and fishmongers until the 19th century, but now houses a variety of shops and e","She was executed for refusing to recognise the authority of the Church of England during the reign of Queen Mary.

The Shambles is","The Shambles is an old street in York, England, with overhanging timber-framed buildings, some dating back to the 14th century.   The architecture which now appears so quaint had a very practical purpose. The overhanging timber-framed fronts of the buildings are deliberately close-set so as to give shelter to the ‘wattle and daub’ walls below. This would also have protected the meat from any direct sunshine.  The Shambles is often called Europe's best-preserved medieval street, although the name is also used to collectively refer to the surrounding maze of narrow, twisting lanes and alleys as well. The street itself is mentioned in the Domesday Book, so we know that it has been in continuous existence."
"The Mason-Dixon Line, surveyed by Charles Mason and Jeremiah Dixon, which became a popular name for the dividing line between the slave and free states, is the boundary between which two states of the USA?","Answer: Maryland and Pennsylvania

Answer: Maryland and Pennsylvania

Answer: Maryland and Pennsylvania

Answer: Maryland and Pennsylvania

Answer: Maryland and Pennsylvania

Answer: Maryland and Pennsylvania

Answer","# Maryland and Pennsylvania

The Mason-Dixon Line, surveyed by Charles Mason and Jeremiah Dixon, which became a popular name for the dividing line between the slave and free states, is the boundary between the states of Maryland","The Mason-Dixon Line, surveyed by Charles Mason and Jeremiah Dixon, is the boundary between the states of Pennsylvania, Maryland, Delaware, and West Virginia.  It was not called the Mason-Dixon Line when it was first drawn; instead, it got this name during the Missouri Compromise, which was agreed to in 1820. It was used to reference the boundary between states where slavery was legal and states where it was not, after which both the name and its meaning became more widespread and it eventually became part of the border between the seceded Confederate States of America."
The 1792 Battle of Valmy in which a citizen army defeated the Prussian army is significant for saving/preserving what?,"1. The spirit of the Revolutionary and citizen forces: The Battle of Valmy on August 11 and 1792, and again on August 19 and 20, 1993, and again on August 6, 1793, and again on August 26","A. The French Revolution
B. The French Republic
C. The French Monarchy
D. The French Empire

Correct Answer:
A. The French Revolution

Explanation:
The Battle of Valmy was a significant event in the French Revolution. It was fought on September 20,",The French Revolution was saved/preserved .
